ticker,published_date,title,site,url,text
TCBI,2026-05-11 14:43:21,Texas Capital Wealth Management Increases TCBI Holdings,fool.com,https://www.fool.com/coverage/filings/2026/05/11/texas-capital-wealth-management-increases-tcbi-holdings/,Texas Capital Bancshares delivers commercial and consumer banking solutions across Texas's major metropolitan markets.
TCBI,2026-05-05 09:30:00,"Texas Nonprofits Granted $200,000 from the Texas Capital Foundation",globenewswire.com,https://www.globenewswire.com/news-release/2026/05/05/3287866/25908/en/Texas-Nonprofits-Granted-200-000-from-the-Texas-Capital-Foundation.html,"DALLAS, May 05, 2026 (GLOBE NEWSWIRE) -- Texas Capital Bancshares, Inc. (NASDAQ: TCBI), the parent company of Texas Capital, today announced the recipients of its 2026 Honors Awards. The Texas Capital Foundation is recognizing three nonprofit organizations that are making a meaningful impact in communities across Texas."
TCBI,2026-04-27 10:45:51,Here's Why Texas Capital (TCBI) is a Strong Value Stock,zacks.com,https://www.zacks.com/stock/news/2908400/here-s-why-texas-capital-tcbi-is-a-strong-value-stock?cid=CS-STOCKNEWSAPI-FT-tale_of_the_tape|zacks_education_value_score-2908400,The Zacks Style Scores offers investors a way to easily find top-rated stocks based on their investing style. Here's why you should take advantage.
TCBI,2026-04-25 08:00:00,"Taiwan Semiconductor, Walmart Lead Five Stocks Near Buy Points Without This Big Risk",investors.com,https://www.investors.com/news/taiwan-semiconductor-walmart-stocks-near-buy-points/,"Taiwan Semiconductor is among several stocks that already have earnings out of the way. The fifth stock, Walmart, won't report for weeks."
TCBI,2026-04-24 13:16:09,"Texas Capital Q1 Earnings Beat on Strong NII & Fee Income, Cost Up Y/Y",zacks.com,https://www.zacks.com/stock/news/2907818/texas-capital-q1-earnings-beat-on-strong-nii-fee-income-cost-up-y-y?cid=CS-STOCKNEWSAPI-FT-analyst_blog|earnings_article-2907818,"TCBI beats Q1 earnings estimates on strong NII, fee income growth, and rising loans and deposits despite higher expenses and credit costs."
WSFS,2026-05-19 13:26:17,3 Savings & Loan Stocks to Buy on Solid Industry Prospects,zacks.com,https://www.zacks.com/commentary/2923160/3-savings-loan-stocks-to-buy-on-solid-industry-prospects?cid=CS-STOCKNEWSAPI-FT-industry_outlook-2923160,"WSFS, SMBC and CZWI within the Zacks Savings & Loan Industry will gain from lower interest rates. Also, digital upgrades will improve operating efficiency."
WSFS,2026-05-19 12:04:00,WSFS Bank Survey Reveals Mid-Atlantic Small Businesses Are Resilient Amid Economic Pressures,businesswire.com,https://www.businesswire.com/news/home/20260519046432/en/WSFS-Bank-Survey-Reveals-Mid-Atlantic-Small-Businesses-Are-Resilient-Amid-Economic-Pressures/,"WILMINGTON, Del.--(BUSINESS WIRE)--According to a new survey from WSFS Bank, small businesses in the Mid-Atlantic region are reporting strong resilience."
WSFS,2026-04-24 15:31:40,WSFS Financial Corporation (WSFS) Q1 2026 Earnings Call Transcript,seekingalpha.com,https://seekingalpha.com/article/4894154-wsfs-financial-corporation-wsfs-q1-2026-earnings-call-transcript,WSFS Financial Corporation (WSFS) Q1 2026 Earnings Call Transcript
WSFS,2026-04-23 19:31:11,Here's What Key Metrics Tell Us About WSFS (WSFS) Q1 Earnings,zacks.com,https://www.zacks.com/stock/news/2907140/here-s-what-key-metrics-tell-us-about-wsfs-wsfs-q1-earnings?cid=CS-STOCKNEWSAPI-FT-fundamental_analysis|nfm-2907140,"The headline numbers for WSFS (WSFS) give insight into how the company performed in the quarter ended March 2026, but it may be worthwhile to compare some of its key metrics to Wall Street estimates and the year-ago actuals."
WSFS,2026-04-23 19:03:05,WSFS Financial (WSFS) Q1 Earnings Miss Estimates,zacks.com,https://www.zacks.com/stock/news/2907032/wsfs-financial-wsfs-q1-earnings-miss-estimates?cid=CS-STOCKNEWSAPI-FT-tale_of_the_tape|yseop_template_4-2907032,"WSFS Financial (WSFS) came out with quarterly earnings of $1.45 per share, missing the Zacks Consensus Estimate of $1.48 per share. This compares to earnings of $1.13 per share a year ago."
FBP,2026-05-22 12:46:13,First BanCorp (FBP) Could Be a Great Choice,zacks.com,https://www.zacks.com/stock/news/2925674/first-bancorp-fbp-could-be-a-great-choice?cid=CS-STOCKNEWSAPI-FT-tale_of_the_tape|yseop_template_5-2925674,"Dividends are one of the best benefits to being a shareholder, but finding a great dividend stock is no easy task. Does First BanCorp (FBP) have what it takes?"
FBP,2026-05-22 12:40:24,FBP or NABZY: Which Is the Better Value Stock Right Now?,zacks.com,https://www.zacks.com/stock/news/2925680/fbp-or-nabzy-which-is-the-better-value-stock-right-now?cid=CS-STOCKNEWSAPI-FT-tale_of_the_tape|yseop_template_3-2925680,Investors with an interest in Banks - Foreign stocks have likely encountered both First BanCorp (FBP) and National Australia Bank Ltd. (NABZY). But which of these two stocks is more attractive to value investors?
FBP,2026-05-06 12:41:13,FBP vs. DBSDY: Which Stock Is the Better Value Option?,zacks.com,https://www.zacks.com/stock/news/2916065/fbp-vs-dbsdy-which-stock-is-the-better-value-option?cid=CS-STOCKNEWSAPI-FT-tale_of_the_tape|yseop_template_3-2916065,Investors with an interest in Banks - Foreign stocks have likely encountered both First BanCorp (FBP) and DBS Group Holdings Ltd (DBSDY). But which of these two companies is the best option for those looking for undervalued stocks?
FBP,2026-04-29 14:06:49,First BanCorp. (NYSE:FBP) Sets New 12-Month High  – Still a Buy?,defenseworld.net,https://www.defenseworld.net/2026/04/29/first-bancorp-nysefbp-sets-new-12-month-high-still-a-buy.html,"First BanCorp. (NYSE: FBP - Get Free Report) shares reached a new 52-week high during trading on Wednesday. The stock traded as high as $24.51 and last traded at $24.1760, with a volume of 1110895 shares trading hands. The stock had previously closed at $24.24. Analyst Ratings Changes Several research firms recently commented on FBP."
FBP,2026-04-22 16:45:00,First BanCorp Declares Quarterly Cash Dividend on Common Stock,businesswire.com,https://www.businesswire.com/news/home/20260422086793/en/First-BanCorp-Declares-Quarterly-Cash-Dividend-on-Common-Stock/,"SAN JUAN, Puerto Rico--(BUSINESS WIRE)--First BanCorp. (the “Corporation”) (NYSE: FBP), the bank holding company for FirstBank Puerto Rico, announced today that its Board of Directors has declared a quarterly cash dividend of $0.20 per share on its outstanding common stock. The dividend is payable on June 12, 2026 to shareholders of record at the close of business on May 28, 2026. About First BanCorp. First BanCorp. is the parent corporation of FirstBank Puerto Rico, a state-chartered commercia."
CATY,2026-05-27 08:42:14,Regional Banks or Megabanks? These ETFs Make Very Different Bets on the Sector,fool.com,https://www.fool.com/coverage/etfs/2026/05/27/regional-banks-or-megabanks-these-etfs-make-very-different-bets-on-the-sector/,"Compare how expense ratios, yield, and portfolio concentration set these two banking ETFs apart, revealing key factors for cost-conscious investors."
CATY,2026-05-20 12:46:02,Cathay General (CATY) Could Be a Great Choice,zacks.com,https://www.zacks.com/stock/news/2924248/cathay-general-caty-could-be-a-great-choice?cid=CS-STOCKNEWSAPI-FT-tale_of_the_tape|yseop_template_5-2924248,"Dividends are one of the best benefits to being a shareholder, but finding a great dividend stock is no easy task. Does Cathay (CATY) have what it takes?"
CATY,2026-05-15 16:30:00,Cathay General Bancorp Declares $0.38 Per Share Dividend,businesswire.com,https://www.businesswire.com/news/home/20260515724851/en/Cathay-General-Bancorp-Declares-0.38-Per-Share-Dividend/,"LOS ANGELES--(BUSINESS WIRE)--Cathay General Bancorp (Nasdaq: CATY) announced that its Board of Directors declared a cash dividend of thirty-eight cents per common share, payable on June 9, 2026, to stockholders of record at the close of business on May 28, 2026. ABOUT CATHAY GENERAL BANCORP Cathay General Bancorp (Nasdaq: CATY) is the holding company for Cathay Bank. Cathay General Bancorp's website is at www.cathaygeneralbancorp.com. Founded in 1962, Cathay Bank offers a wide range of financi."
CATY,2026-05-04 12:45:26,Are You Looking for a High-Growth Dividend Stock?,zacks.com,https://www.zacks.com/stock/news/2913991/are-you-looking-for-a-high-growth-dividend-stock?cid=CS-STOCKNEWSAPI-FT-tale_of_the_tape|yseop_template_5-2913991,"Dividends are one of the best benefits to being a shareholder, but finding a great dividend stock is no easy task. Does Cathay (CATY) have what it takes?"
CATY,2026-05-01 13:19:06,"This Bank Stock Crushes S&P 500, Hits Buy Zone As Earnings Pop 32%",investors.com,https://www.investors.com/stock-lists/stock-spotlight/bank-stock-cathay-general-bancorp-caty-crushes-sp500-earnings/,It has been a strong earnings season for banks. This particular regional bank stock has rallied into a buy zone as profits accelerate.
BFH,2026-05-20 07:30:00,Bread Financial launches 2025 Sustainability Report,globenewswire.com,https://www.globenewswire.com/news-release/2026/05/20/3298364/0/en/Bread-Financial-launches-2025-Sustainability-Report.html,Annual report highlights key achievements across sustainability priorities Annual report highlights key achievements across sustainability priorities
BFH,2026-05-20 04:42:05,New Strong Buy Stocks for May 20th,zacks.com,https://www.zacks.com/commentary/2923063/new-strong-buy-stocks-for-may-20th?cid=CS-STOCKNEWSAPI-FT-zacks_1_rank_additions-2923063,"HG, BFH, UCTT, SANM and MNR have been added to the Zacks Rank #1 (Strong Buy) List on May 20, 2026."
BFH,2026-05-20 04:15:12,Best Value Stocks to Buy for May 20th,zacks.com,https://www.zacks.com/commentary/2923742/best-value-stocks-to-buy-for-may-20th?cid=CS-STOCKNEWSAPI-FT-zacks_1_rank_additions|value_additions-2923742,"BFH, HG and KSS made it to the Zacks Rank #1 (Strong Buy) value stocks list on May 20, 2026."
BFH,2026-05-19 08:55:00,"NYSE Content Update: Armada Raises $230 Million, Boosts Valuation to $2 Billion",prnewswire.com,https://www.prnewswire.com/news-releases/nyse-content-update-armada-raises-230-million-boosts-valuation-to-2-billion-302776174.html,"NYSE issues a pre-market daily advisory direct from the trading floor. NEW YORK, May 19, 2026 /PRNewswire/ -- The New York Stock Exchange (NYSE) provides a daily pre-market update directly from the NYSE Trading Floor."
BFH,2026-05-18 12:41:18,BFH vs. BAM: Which Stock Is the Better Value Option?,zacks.com,https://www.zacks.com/stock/news/2922752/bfh-vs-bam-which-stock-is-the-better-value-option?cid=CS-STOCKNEWSAPI-FT-tale_of_the_tape|yseop_template_3-2922752,Investors looking for stocks in the Financial - Miscellaneous Services sector might want to consider either Bread Financial Holdings (BFH) or Brookfield Asset Management (BAM). But which of these two stocks presents investors with the better value opportunity right now?
CPRX,2026-05-27 10:50:23,Why Catalyst Pharmaceutical (CPRX) is a Top Momentum Stock for the Long-Term,zacks.com,https://www.zacks.com/stock/news/2927508/why-catalyst-pharmaceutical-cprx-is-a-top-momentum-stock-for-the-long-term?cid=CS-STOCKNEWSAPI-FT-tale_of_the_tape|zacks_education_momentum_score-2927508,"Whether you're a value, growth, or momentum investor, finding strong stocks becomes easier with the Zacks Style Scores, a top feature of the Zacks Premium research service."
CPRX,2026-05-25 10:41:29,Why Catalyst Pharmaceutical (CPRX) is a Top Value Stock for the Long-Term,zacks.com,https://www.zacks.com/stock/news/2926068/why-catalyst-pharmaceutical-cprx-is-a-top-value-stock-for-the-long-term?cid=CS-STOCKNEWSAPI-FT-tale_of_the_tape|zacks_education_value_score-2926068,"Whether you're a value, growth, or momentum investor, finding strong stocks becomes easier with the Zacks Style Scores, a top feature of the Zacks Premium research service."
CPRX,2026-05-14 12:41:09,CPRX or UTHR: Which Is the Better Value Stock Right Now?,zacks.com,https://www.zacks.com/stock/news/2921421/cprx-or-uthr-which-is-the-better-value-stock-right-now?cid=CS-STOCKNEWSAPI-FT-tale_of_the_tape|yseop_template_3-2921421,Investors interested in stocks from the Medical - Drugs sector have probably already heard of Catalyst Pharmaceutical (CPRX) and United Therapeutics (UTHR). But which of these two stocks presents investors with the better value opportunity right now?
CPRX,2026-05-12 12:20:16,"Catalyst Pharmaceuticals Q1 Earnings Beat, Firdapse Revenues Rise Y/Y",zacks.com,https://www.zacks.com/stock/news/2919876/catalyst-pharmaceuticals-q1-earnings-beat-firdapse-revenues-rise-y-y?cid=CS-STOCKNEWSAPI-FT-analyst_blog|earnings_article-2919876,CPRX beats Q1 estimates driven by rising Firdapse and Agamree sales amid Angelini Pharma's pending $4.1B acquisition deal.
CPRX,2026-05-12 02:56:00,"Are CPRX, UNF, RMAX, ACR Obtaining Fair Deals for their Shareholders?",prnewswire.com,https://www.prnewswire.com/news-releases/are-cprx-unf-rmax-acr-obtaining-fair-deals-for-their-shareholders-302768947.html,"/PRNewswire/ -- Halper Sadeh LLC, an investor rights law firm, is investigating the following companies for potential violations of the federal securities laws"
NHC,2026-05-08 07:00:00,NHC Reports First Quarter 2026 Earnings,businesswire.com,https://www.businesswire.com/news/home/20260508913677/en/NHC-Reports-First-Quarter-2026-Earnings/,"MURFREESBORO, Tenn.--(BUSINESS WIRE)--National HealthCare Corporation (NYSE American: NHC), the nation's oldest publicly traded senior health care company, announced today net operating revenues for the quarter ended March 31, 2026 totaled $381,821,000 compared to $373,697,000 for the quarter ended March 31, 2025, an increase of 2.2%. For the quarter ended March 31, 2026, the reported GAAP net income attributable to NHC was $35,857,000 compared to $32,205,000 for the same period in 2025. Exclud."
NHC,2026-05-07 16:28:00,NHC Announces 4.7% Increase in Common Dividend,businesswire.com,https://www.businesswire.com/news/home/20260507297165/en/NHC-Announces-4.7-Increase-in-Common-Dividend/,"MURFREESBORO, Tenn.--(BUSINESS WIRE)--National HealthCare Corporation (NYSE American: NHC), the nation's oldest publicly traded long-term health care company, announced today that it will pay a quarterly dividend of 67 cents per common share to shareholders of record on June 30, 2026 and payable on July 31, 2026. This represents a 4.7% increase over last quarter's regular common dividend. Forward-Looking Statements Statements in this press release that are not historical facts are forward-looki."
NHC,2026-04-21 16:38:00,NHC to Acquire Thirty-Five NHI Facilities,businesswire.com,https://www.businesswire.com/news/home/20260421477541/en/NHC-to-Acquire-Thirty-Five-NHI-Facilities/,"MURFREESBORO, Tenn.--(BUSINESS WIRE)--National HealthCare Corporation (NYSE American: NHC), a national leader in senior care, announced entry into a Purchase and Sale Agreement to acquire the real estate of thirty-two skilled nursing facilities and three independent living facilities from National Health Investors, Inc. and its affiliates (“NHI”). The purchase price is $560 million. NHC, through affiliates, has been leasing and operating the facilities under a Master Agreement to Lease with NHI."
NHC,2026-04-10 18:07:00,National Healthcare Corp (NHC) Shares Fall 3.4% -- GF Value Says Still Overvalued,gurufocus.com,https://www.gurufocus.com/news/8788145/national-healthcare-corp-nhc-shares-fall-34-gf-value-says-still-overvalued,"On April 10, 2026, National Healthcare Corp (NHC) shares fell 3.4% today to a current price of $170.85. This decline comes in the context of a 52-week range tha"
NHC,2026-04-07 03:13:12,Allspring Global Investments Holdings LLC Boosts Position in National HealthCare Corporation $NHC,defenseworld.net,https://www.defenseworld.net/2026/04/07/allspring-global-investments-holdings-llc-boosts-position-in-national-healthcare-corporation-nhc.html,"Allspring Global Investments Holdings LLC grew its holdings in shares of National HealthCare Corporation (NYSEAMERICAN:NHC) by 21.1% during the undefined quarter, according to its most recent Form 13F filing with the SEC. The firm owned 58,466 shares of the company's stock after buying an additional 10,170 shares during the period. Allspring Global"
LFST,2026-05-29 10:55:18,Wall Street Analysts Predict a 37.26% Upside in LifeStance Health (LFST): Here's What You Should Know,zacks.com,https://www.zacks.com/stock/news/2929053/wall-street-analysts-predict-a-37-26-upside-in-lifestance-health-lfst-here-s-what-you-should-know?cid=CS-STOCKNEWSAPI-FT-tale_of_the_tape|consensus_price_target-2929053,"The average of price targets set by Wall Street analysts indicates a potential upside of 37.3% in LifeStance Health (LFST). While the effectiveness of this highly sought-after metric is questionable, the positive trend in earnings estimate revisions might translate into an upside in the stock."
LFST,2026-05-26 10:56:05,"Bears are Losing Control Over LifeStance Health (LFST), Here's Why It's a 'Buy' Now",zacks.com,https://www.zacks.com/stock/news/2926746/bears-are-losing-control-over-lifestance-health-lfst-here-s-why-it-s-a-buy-now?cid=CS-STOCKNEWSAPI-FT-tale_of_the_tape|hammer_chart_pattern_(ta)-2926746,"After losing some value lately, a hammer chart pattern has been formed for LifeStance Health (LFST), indicating that the stock has found support. This, combined with an upward trend in earnings estimate revisions, could lead to a trend reversal for the stock in the near term."
LFST,2026-05-13 21:20:44,"LifeStance Health Group, Inc. (LFST) Presents at Bank of America Global Healthcare Conference 2026 Prepared Remarks Transcript",seekingalpha.com,https://seekingalpha.com/article/4904303-lifestance-health-group-inc-lfst-presents-at-bank-of-america-global-healthcare-conference,"LifeStance Health Group, Inc. (LFST) Presents at Bank of America Global Healthcare Conference 2026 Prepared Remarks Transcript"
LFST,2026-05-13 13:20:32,Earnings Estimates Rising for LifeStance Health (LFST): Will It Gain?,zacks.com,https://www.zacks.com/stock/news/2920753/earnings-estimates-rising-for-lifestance-health-lfst-will-it-gain?cid=CS-STOCKNEWSAPI-FT-tale_of_the_tape|yseop_template_8-2920753,"LifeStance Health Group (LFST) shares have started gaining and might continue moving higher in the near term, as indicated by solid earnings estimate revisions."
LFST,2026-05-13 13:01:18,LifeStance Health Group (LFST) is a Great Momentum Stock: Should You Buy?,zacks.com,https://www.zacks.com/stock/news/2920726/lifestance-health-group-lfst-is-a-great-momentum-stock-should-you-buy?cid=CS-STOCKNEWSAPI-FT-tale_of_the_tape|yseop_template_10-2920726,Does LifeStance Health Group (LFST) have what it takes to be a top stock pick for momentum investors? Let's find out.
LIVN,2026-05-21 10:00:00,LivaNova Appoints Stefano Folli to Lead its Cardiopulmonary Business Unit,gurufocus.com,https://www.gurufocus.com/news/8874893/livanova-appoints-stefano-folli-to-lead-its-cardiopulmonary-business-unit,"LivaNova PLC (Nasdaq: LIVN), a market-leading medical technology company, today announced that Stefano Folli will join the Company as incoming President, Cardi"
LIVN,2026-05-21 09:15:00,LivaNova Appoints Stefano Folli to Lead its Cardiopulmonary Business Unit,businesswire.com,https://www.businesswire.com/news/home/20260521847289/en/LivaNova-Appoints-Stefano-Folli-to-Lead-its-Cardiopulmonary-Business-Unit/,"LONDON--(BUSINESS WIRE)---- $LIVN #cardiacsurgery--LivaNova PLC (Nasdaq: LIVN), a market-leading medical technology company, today announced that Stefano Folli will join the Company as incoming President, Cardiopulmonary (CP), effective June 1, succeeding Franco Poletti, who will retire on July 31. Folli will partner closely with Poletti over the coming months to ensure a seamless leadership transition before assuming full responsibility for the business on August 1. Folli will join the LivaNova Executive Leadership Tea."
LIVN,2026-05-19 08:00:00,LivaNova to Present at Goldman Sachs Global Healthcare Conference in June,businesswire.com,https://www.businesswire.com/news/home/20260519704383/en/LivaNova-to-Present-at-Goldman-Sachs-Global-Healthcare-Conference-in-June/,"LONDON--(BUSINESS WIRE)---- $LIVN #OSA--LivaNova PLC (Nasdaq: LIVN), a market-leading medical technology company, today announced it will present at the Goldman Sachs 47th Annual Global Healthcare Conference in Miami Beach, Fla. Vladimir Makatsaria, Chief Executive Officer of LivaNova; Alex Shvartsburg, Chief Financial Officer; and Phil Kowalczyk, Chief Strategy and Corporate Development Officer, will participate in a fireside chat on Mon., June 8, 2026, at 8 a.m. Eastern Daylight Time. The discussion will be."
LIVN,2026-05-11 13:01:20,LivaNova (LIVN) Upgraded to Buy: Here's What You Should Know,zacks.com,https://www.zacks.com/stock/news/2919203/livanova-livn-upgraded-to-buy-here-s-what-you-should-know?cid=CS-STOCKNEWSAPI-FT-tale_of_the_tape|yseop_template_12_zacks_rank_upgrade-2919203,"LivaNova (LIVN) might move higher on growing optimism about its earnings prospects, which is reflected by its upgrade to a Zacks Rank #2 (Buy)."
LIVN,2026-05-06 17:01:42,LivaNova PLC (LIVN) Q1 2026 Earnings Call Transcript,seekingalpha.com,https://seekingalpha.com/article/4899501-livanova-plc-livn-q1-2026-earnings-call-transcript,LivaNova PLC (LIVN) Q1 2026 Earnings Call Transcript
KNSA,2026-05-29 18:36:00,A Look at Kiniksa Pharmaceuticals International PLC (KNSA) After 4.8% Decline -- GF Value $46.92 vs Price $48.41,gurufocus.com,https://www.gurufocus.com/news/8892053/a-look-at-kiniksa-pharmaceuticals-international-plc-knsa-after-48-decline-gf-value-4692-vs-price-4841,"On May 29, 2026, Kiniksa Pharmaceuticals International PLC (KNSA) shares fell 4.8% to $48.41, reflecting a downward trend in the stock's performance over the pa"
KNSA,2026-05-29 16:01:00,Kiniksa Pharmaceuticals to Present at Upcoming Investor Conferences,globenewswire.com,https://www.globenewswire.com/news-release/2026/05/29/3303803/0/en/Kiniksa-Pharmaceuticals-to-Present-at-Upcoming-Investor-Conferences.html,"LONDON, May 29, 2026 (GLOBE NEWSWIRE) -- Kiniksa Pharmaceuticals International, plc (Nasdaq: KNSA) today announced that management will participate in fireside chats at the following investor conferences in June:"
KNSA,2026-05-29 16:01:00,Kiniksa Pharmaceuticals to Present at Upcoming Investor Conferences,globenewswire.com,https://www.globenewswire.com/news-release/2026/05/29/3303803/0/en/kiniksa-pharmaceuticals-to-present-at-upcoming-investor-conferences.html,"LONDON, May 29, 2026 (GLOBE NEWSWIRE) -- Kiniksa Pharmaceuticals International, plc (Nasdaq: KNSA) today announced that management will participate in fireside chats at the following investor conferences in June: 2026 Jefferies Global Healthcare Conference on Wednesday, June 3 at 8:45 a."
KNSA,2026-04-29 11:10:24,"Kiniksa: Increased Outlook For Arcalyst, Augmented By Pipeline Maturation",seekingalpha.com,https://seekingalpha.com/article/4895812-kiniksa-increased-outlook-for-arcalyst-augmented-by-pipeline-maturation,"Kiniksa Pharmaceuticals continues to outperform, with Arcalyst net sales poised to surpass my previous bullish estimates. Arcalyst captured 18% of the recurrent pericarditis market by end-2025, with average therapy duration rising to three years and further upside from a new consumer awareness campaign. KPL-387, a next-generation IL-1 antibody, is set for phase 2 proof-of-concept data in H2 2026, offering improved economics and patient convenience compared to Arcalyst."
KNSA,2026-04-29 07:30:00,Breakfast News: Enphase Dips As Solar Demand Dims,fool.com,https://www.fool.com/investing/breakfast-news/2026/04/29/breakfast-news-enphase-dips-as-solar-demand-dims/,"Enphase suffers from weaker U.S. demand, Fiverr jumps on Q1 earnings beat, and more"
BWLP,2026-05-30 12:03:00,BW LPG Enters Into Agreement for Eight 90'cbm Panamax Newbuildings with Hyundai Heavy Industries,businesswire.com,https://www.businesswire.com/news/home/20260530067460/en/BW-LPG-Enters-Into-Agreement-for-Eight-90%E2%80%99cbm-Panamax-Newbuildings-with-Hyundai-Heavy-Industries/,"SINGAPORE--(BUSINESS WIRE)--BW LPG Limited (“BW LPG”, the “Company”, OSE ticker code: “BWLPG.OL”), the world's leading owner and operator of LPG vessels, announces that it has signed a contract for the construction of eight 90'cbm Panamax Very Large Gas Carriers (VLGCs), for a total consideration of about US$940 million, subject to the final technical specifications. The newbuildings are expected to be delivered sequentially from the start of 2029 until the second quarter of 2030. “This newbuil."
BWLP,2026-05-29 18:49:00,BW LPG Ltd (BWLP) Shares Fall 4.5% -- What GF Score of 72 Tells Investors,gurufocus.com,https://www.gurufocus.com/news/8892062/bw-lpg-ltd-bwlp-shares-fall-45-what-gf-score-of-72-tells-investors,"On May 29, 2026, BW LPG Ltd (BWLP) shares fell 4.5% to a current price of $19.60. This decline adds to a 1-week drop of 11.3%, while the stock has experienced a"
BWLP,2026-05-29 01:04:00,BW LPG Limited Announces New Board Member,businesswire.com,https://www.businesswire.com/news/home/20260528362327/en/BW-LPG-Limited-Announces-New-Board-Member/,"SINGAPORE--(BUSINESS WIRE)--The Board of BW LPG Limited (“BW LPG” or the “Company”, OSE ticker code: “BWLPG.OL”, NYSE ticker code: “BWLP”) is pleased to announce the appointment of Kevin James Mackay as a Member of the Board of Directors. Mr. Mackay brings with him more than 35 years of extensive global leadership and management experience across the maritime and energy industries. Over the course of his career, he has held a number of senior executive positions at leading international organis."
BWLP,2026-05-29 01:02:00,BW LPG Limited – Results of Annual General Meeting 2026,businesswire.com,https://www.businesswire.com/news/home/20260528502278/en/BW-LPG-Limited-%E2%80%93-Results-of-Annual-General-Meeting-2026/,"SINGAPORE--(BUSINESS WIRE)--BW LPG Limited (“BW LPG” or the “Company”, OSE ticker code: “BWLPG.OL”, NYSE ticker code “BWLP”) advises that the 2026 Annual General Meeting was held on 28 May 2026 at 11:30am Singapore time at 10 Pasir Panjang Road, Mapletree Business City #18-01, Singapore 117438. The following resolutions were passed: To adopt the Directors' Statement, Audited Financial Statements and the Auditor's Report. To re-elect the following persons as Directors: Mr. Andreas Sohmen-Pao Ms."
BWLP,2026-05-19 01:03:00,BW LPG Limited – Q1 2026 Financial Report Release and Earnings Presentation on 2 June 2026,businesswire.com,https://www.businesswire.com/news/home/20260518846639/en/BW-LPG-Limited-%E2%80%93-Q1-2026-Financial-Report-Release-and-Earnings-Presentation-on-2-June-2026/,"SINGAPORE--(BUSINESS WIRE)--BW LPG Limited (“BW LPG”, the “Company”, OSE ticker code: “BWLPG.OL”, NYSE ticker code: “BWLP”), the owner and operator of the world's largest fleet of Very Large Gas Carriers (VLGCs), announces today that it will publish its Q1 2026 Financial Report on Tuesday, 2 June 2026 at approximately 07:00 CEST/ 01:00 EDT/ 13:00 SGT. In connection with the publication of the financial results, BW LPG will host an Earnings Presentation led by Kristian Sørensen, CEO, and Samanth."
AZZ,2026-05-29 18:50:32,AZZ (AZZ) Stock Sinks As Market Gains: Here's Why,zacks.com,https://www.zacks.com/stock/news/2929449/azz-azz-stock-sinks-as-market-gains-here-s-why?cid=CS-STOCKNEWSAPI-FT-tale_of_the_tape|yseop_template_6v1-2929449,"AZZ (AZZ) closed the most recent trading day at $135.55, moving 3.28% from the previous trading session."
AZZ,2026-05-26 19:01:09,Why AZZ (AZZ) Outpaced the Stock Market Today,zacks.com,https://www.zacks.com/stock/news/2927133/why-azz-azz-outpaced-the-stock-market-today?cid=CS-STOCKNEWSAPI-FT-tale_of_the_tape|yseop_template_6v2-2927133,"In the most recent trading session, AZZ (AZZ) closed at $141.5, indicating a +2.61% shift from the previous trading day."
AZZ,2026-05-26 10:31:11,Is It Worth Investing in AZZ (AZZ) Based on Wall Street's Bullish Views?,zacks.com,https://www.zacks.com/stock/news/2926626/is-it-worth-investing-in-azz-azz-based-on-wall-street-s-bullish-views?cid=CS-STOCKNEWSAPI-FT-fundamental_analysis|average_broker_rating-2926626,"Investors often turn to recommendations made by Wall Street analysts before making a Buy, Sell, or Hold decision about a stock. While media reports about rating changes by these brokerage-firm employed (or sell-side) analysts often affect a stock's price, do they really matter?"
AZZ,2026-05-21 16:15:00,AZZ Inc. Announces June Investor Conference Schedule,prnewswire.com,https://www.prnewswire.com/news-releases/azz-inc-announces-june-investor-conference-schedule-302779173.html,"FORT WORTH, Texas, May 21, 2026 /PRNewswire/ -- AZZ Inc. (NYSE: AZZ), the leading independent provider of hot-dip galvanizing and coil coating solutions in North America, today announced its participation in the following investor conferences during the month of June: The Wells Fargo 16th Industrials & Materials Conference held at the Loews Chicago Hotel, 455 North Park Drive, Chicago, IL, on June 9-11, 2026. David Nark, Chief Marketing, Communications and Investor Relations Officer, will present at 12:45 pm CT, and will host one-on-one investor meetings on Tuesday, June 9, 2026."
AZZ,2026-05-20 18:50:23,AZZ (AZZ) Outperforms Broader Market: What You Need to Know,zacks.com,https://www.zacks.com/stock/news/2924405/azz-azz-outperforms-broader-market-what-you-need-to-know?cid=CS-STOCKNEWSAPI-FT-tale_of_the_tape|yseop_template_6v1-2924405,"The latest trading day saw AZZ (AZZ) settling at $138.16, representing a +1.93% change from its previous close."
SBLK,2026-05-28 10:01:26,Star Bulk Carriers Corp. (SBLK) is Attracting Investor Attention: Here is What You Should Know,zacks.com,https://www.zacks.com/stock/news/2928086/star-bulk-carriers-corp-sblk-is-attracting-investor-attention-here-is-what-you-should-know?cid=CS-STOCKNEWSAPI-FT-tale_of_the_tape|most_searched_stocks_v1-2928086,"Recently, Zacks.com users have been paying close attention to Star Bulk Carriers (SBLK). This makes it worthwhile to examine what the stock has in store."
SBLK,2026-05-21 14:00:43,Star Bulk Carriers Corp. (SBLK) Q1 2026 Earnings Call Transcript,seekingalpha.com,https://seekingalpha.com/article/4907619-star-bulk-carriers-corp-sblk-q1-2026-earnings-call-transcript,Star Bulk Carriers Corp. (SBLK) Q1 2026 Earnings Call Transcript
SBLK,2026-05-21 12:11:52,Star Bulk Carriers Q1 Earnings Call Highlights,marketbeat.com,https://www.marketbeat.com/instant-alerts/star-bulk-carriers-q1-earnings-call-highlights-2026-05-21/,"Star Bulk Carriers NASDAQ: SBLK reported solid profitability for the first quarter and outlined a capital allocation approach centered on returning free cash flow to shareholders, while management said it remains optimistic about dry bulk market conditions through the balance of the year."
SBLK,2026-05-21 10:01:22,"Star Bulk Stock Up On Q1 Double Beat, Declares 50-Cent Dividend",benzinga.com,https://www.benzinga.com/trading-ideas/movers/26/05/52718254/star-bulk-q1-results-top-estimates-declares-50-cent-dividend,Star Bulk Carriers Corp. (NASDAQ:SLBK) shares are trading higher Thursday after the company reported first-quarter earnings on Wednesday after the market closed.
SBLK,2026-05-20 18:21:09,Star Bulk Carriers (SBLK) Beats Q1 Earnings and Revenue Estimates,zacks.com,https://www.zacks.com/stock/news/2924391/star-bulk-carriers-sblk-beats-q1-earnings-and-revenue-estimates?cid=CS-STOCKNEWSAPI-FT-tale_of_the_tape|yseop_template_4-2924391,"Star Bulk Carriers (SBLK) came out with quarterly earnings of $0.56 per share, beating the Zacks Consensus Estimate of $0.45 per share. This compares to a loss of $0.07 per share a year ago."
CAAP,2026-05-27 20:42:00,Corporacion America Airports SA (CAAP) Shares Surge 3.0% -- What GF Score of 86 Tells Investors,gurufocus.com,https://www.gurufocus.com/news/8886786/corporacion-america-airports-sa-caap-shares-surge-30-what-gf-score-of-86-tells-investors,"On May 27, 2026, Corporacion America Airports SA (CAAP) shares rose 3.0% to a current price of $26.31. The stock has experienced a significant price performance"
CAAP,2026-05-20 16:31:00,Corporación América Airports S.A. Reports April 2026 Passenger Traffic,businesswire.com,https://www.businesswire.com/news/home/20260520446478/en/Corporaci%C3%B3n-Am%C3%A9rica-Airports-S.A.-Reports-April-2026-Passenger-Traffic/,"LUXEMBOURG--(BUSINESS WIRE)--Corporación América Airports S.A. (NYSE: CAAP), (“CAAP” or the “Company”), one of the world's leading private airport operators, reported today a 2.6% year-on-year (YoY) increase in passenger traffic in April 2026. Passenger Traffic, Cargo Volume and Aircraft Movements Highlights (2026 vs. 2025)     Statistics Apr'26 Apr'25 % Var.   YTD'26 YTD'25 % Var. Domestic Passengers (thousands) 3,405 3,529 -3.5%   14,057 14,169 -0.8% International Passengers (thousands) 2,952."
CAAP,2026-05-19 19:45:00,Corporacion America Airports SA (CAAP) Shares Fall 3.4% -- What GF Score of 86 Tells Investors,gurufocus.com,https://www.gurufocus.com/news/8870631/corporacion-america-airports-sa-caap-shares-fall-34-what-gf-score-of-86-tells-investors,"On May 19, 2026, Corporacion America Airports SA (CAAP) shares fell 3.4% today, currently priced at $23.96. The stock has experienced a challenging period, with"
CAAP,2026-05-19 06:38:56,Corporación América Airports: Strong Q1 Earnings And A New Dividend Policy Offer Upside,seekingalpha.com,https://seekingalpha.com/article/4906366-corporacion-america-airports-strong-q1-earnings-and-a-new-dividend-policy-offer-upside,"Corporacion America Airports reported 20% revenue growth in Q1, and EPS nearly doubled year-over-year. So far, management reports that there is minimal impact to the company from the conflict in Iran and higher fuel prices. While energy prices could eventually lead to demand destruction, I see the balance of factors as remaining favorable for the company."
CAAP,2026-05-13 16:15:21,Corporacion America Airports Q1 Earnings Call Highlights,marketbeat.com,https://www.marketbeat.com/instant-alerts/corporacion-america-airports-q1-earnings-call-highlights-2026-05-13/,"Corporacion America Airports NYSE: CAAP reported a strong start to 2026, with first-quarter passenger traffic, revenue and profitability all increasing year over year as international travel remained the main driver across its airport portfolio."
HAFN,2026-05-29 17:24:12,Hafnia Limited (HAFN) Q1 2026 Earnings Call Transcript,seekingalpha.com,https://seekingalpha.com/article/4909203-hafnia-limited-hafn-q1-2026-earnings-call-transcript,Hafnia Limited (HAFN) Q1 2026 Earnings Call Transcript
HAFN,2026-05-27 06:11:29,Hafnia Q1 Earnings Call Highlights,marketbeat.com,https://www.marketbeat.com/instant-alerts/hafnia-q1-earnings-call-highlights-2026-05-27/,"Hafnia NYSE: HAFN reported what Chief Executive Officer Mikael Skov described as an “extraordinary good quarter,” with first-quarter net profit of $179.7 million and management indicating that the second quarter is tracking stronger."
HAFN,2026-05-27 01:59:00,Hafnia Limited Announces Financial Results for the Three Months Ended 31 March 2026,businesswire.com,https://www.businesswire.com/news/home/20260526832119/en/Hafnia-Limited-Announces-Financial-Results-for-the-Three-Months-Ended-31-March-2026/,"SINGAPORE--(BUSINESS WIRE)--Hafnia Limited (“Hafnia”, the “Company” or “we”, OSE ticker code: “HAFNI”, NYSE ticker code: “HAFN”), a leading product tanker company with a diversified and modern fleet of over 100 vessels, today announced results for the three months ended 31 March 2026. The full report can be found in the Investor Relations section of Hafnia's website: https://investor.hafniabw.com/financials/quarterly-results/default.aspx Highlights and Recent Activity First Quarter 2026 Recorde."
HAFN,2026-05-27 01:58:00,HAFNIA LIMITED: Key Information Relating to Dividend for the First Quarter 2026,businesswire.com,https://www.businesswire.com/news/home/20260526876801/en/HAFNIA-LIMITED-Key-Information-Relating-to-Dividend-for-the-First-Quarter-2026/,"SINGAPORE--(BUSINESS WIRE)--Reference is made to the announcement made by Hafnia Limited (""Hafnia” or the ""Company"", OSE ticker code: “HAFNI”, NYSE ticker code: “HAFN”) on 27 May 2026 announcing the Company's first quarter 2026 results and cash dividend. Key information relating to the cash dividend paid by the Company for the first quarter 2026: Date of approval: 26 May 2026 Record date: 4 June 2026 Dividend amount: 0.2877 per share Declared currency: USD. Dividends payable to shares registere."
HAFN,2026-05-26 02:08:00,HAFNIA LIMITED: Results of Annual General Meeting 2026,businesswire.com,https://www.businesswire.com/news/home/20260525478673/en/HAFNIA-LIMITED-Results-of-Annual-General-Meeting-2026/,"SINGAPORE--(BUSINESS WIRE)--Hafnia Limited (""Hafnia"", the ""Company"", OSE ticker code: ""HAFNI"", NYSE ticker code: “HAFN”) advises that the 2026 Annual General Meeting was held earlier today on 26 May 2026 at 9:00 a.m. (Singapore time) at the registered office of the Company 10 Pasir Panjang Road, Mapletree Business City #18-01, Singapore 117438. The following resolutions were passed: To adopt the Directors' Statement, Audited Financial Statements and the Auditor's Report. To re-elect the followi."
